1,2
4+丢石头+隐藏(2.jpg,395.jpg
4+丢石头+隐藏(6.jpg,396.jpg
4+丢石头+隐藏(1.jpg,397.jpg
4+丢石头+隐藏(15.jpg,398.jpg
4+丢石头+隐藏(17.jpg,399.jpg
4+丢石头+隐藏(11.jpg,400.jpg
4+丢石头+隐藏(9.jpg,401.jpg
4+丢石头+隐藏(5.jpg,402.jpg
4+丢石头+隐藏(7.jpg,403.jpg
4+丢石头+隐藏(4.jpg,404.jpg
4+丢石头+隐藏(16.jpg,405.jpg
4+丢石头+隐藏(12.jpg,406.jpg
4+丢石头+隐藏(13.jpg,407.jpg
4+丢石头+隐藏(10.jpg,408.jpg
4+丢石头+隐藏(3.jpg,409.jpg
4+丢石头+隐藏(8.jpg,410.jpg
4+丢石头+隐藏(19.jpg,411.jpg
4+丢石头+隐藏(14.jpg,412.jpg
4+丢石头+隐藏(20.jpg,413.jpg
4+丢石头+隐藏(18.jpg,414.jpg
,
,
,
,
,
,
,
,
,
,
,
,
,
,
,
,
,
,
,
,
,
,
,
,
,
,
,
,
,
,
,
,
,
,
,
,
,
,
,
,
,
,
,
,
,
,
,
,
,
,
,
,
,
,
,
,
,
,
,
,
,
,
,
,
,
,
,
,
,
,
,
,
,
,
,
,
,
,
,
,
,
,
,
,
,
,
,
,
,
,
,
,
,
,
,
,
,
,
,
,
,
,
,
,
,
,
,
,
,
,
,
,
,
,
,
,
,
,
,
,
,
,
,
,
,
,
,
,
,
,
,
,
,
,
,
,
,
,
,
,
,
,
,
,
,
,
,
,
,
,
,
,
,
,
,
,
,
,
,
,
,
,
,
,
,
,
,
,
,
,
,
,
,
,
,
,
,
,
,
,
,
,
,
,
,
,
,
,
,
,
,
,
,
,
,
,
,
,
,
,
,
,
,
,
,
,
,
,
,
,
,
,
,
,
,
,
,
,
,
,
,
,
,
,
,
,
,
,
,
,
,
,
,
,
,
,
,
,
,
,
,
,
,
,
,
,
,
,
,
,
,
,
,
,
,
,
,
,
,
,
,
,
,
,
,
,
,
,
,
,
,
,
,
,
,
,
,
,
,
,
,
,
,
,
,
,
,
,
,
,
,
,
,
,
,
,
,
,
,
,
,
,
,
,
,
,
,
,
,
,
,
,
,
,
,
,
,
,
,
,
,
,
,
,
,
,
,